parameter,value,model
const,0.000849888689905299,arma
ma.L1,0.019046046565916595,arma
sigma2,6.563254639704779e-05,arma
omega,6.421501731816845e-06,garch
alpha[1],0.07049443024879384,garch
beta[1],0.8316628781984476,garch
