regime,avg_log_return,avg_strategy_log_return,avg_exposure,obs
high,0.0005852174550397825,0.00014630436375994563,0.25,1365
low,0.00010885166087222,0.00010885166087222,1.0,1325
mid,0.0006442609298465749,0.00048319569738493106,0.75,1324
