exposure_map,annual_return,annual_vol,sharpe,max_drawdown
"{'low': 1.0, 'mid': 1.0, 'high': 0.5}",0.08803564733984297,0.11850310217096215,0.7428974071314659,-0.20660328643166692
"{'low': 1.25, 'mid': 1.0, 'high': 0.5}",0.08954389908729055,0.12577247546652376,0.711951472332466,-0.20869782318177743
"{'low': 1.0, 'mid': 0.75, 'high': 0.25}",0.06132459201885116,0.08719105163283673,0.7033358454843537,-0.12335165867089382
"{'low': 1.0, 'mid': 0.5, 'high': 0.0}",0.03461353669785936,0.06736288113408331,0.5138369397971919,-0.11425764044312436
