cost_bps,net_annual_return,net_annual_vol,net_sharpe,net_max_drawdown
0,0.16560617958437165,0.07984324553545533,2.07414138132489,-0.0748222896384616
1,0.1636942828614322,0.07983628240572399,2.050374565658582,-0.07520153474914959
3,0.1598704894155534,0.07982397603544239,2.002787850915492,-0.07595955865837778
5,0.15604669596967455,0.07981383033169781,1.9551335316343175,-0.0767169612427786
10,0.1464872123549774,0.07979792396491478,1.8357271101361519,-0.0786077527487663
