variant,corr,rmse,qlike
GARCH_t,0.9587613688172026,3.0299748632066197,6.19689132556699
GARCH,0.9527146220732448,3.262865223991849,6.20046387984283
GJR_t,0.8900975639739888,4.360785758600064,6.226258782579184
GJR,0.8898635619592999,4.375321018809791,6.22769849324247
EGARCH_t,0.8175555997262849,5.4071209179736295,6.272128466243163
EGARCH,0.8085933464264005,5.489728222268432,6.276331463058269
