variant,corr,rmse,qlike
GARCH,0.958739416033731,3.034657951304493,6.199359384703104
GARCH_t,0.9296948268699765,3.5651675493260675,6.201435586531262
GJR,0.8901208261055136,4.364610809905493,6.228630206556925
GJR_t,0.8901208261055136,4.364610809905493,6.228630206556925
EGARCH_t,0.8172836197908749,5.41611725759451,6.274716710087854
EGARCH,0.8081374000716736,5.500962613446415,6.278979647025797
