variant,aic,bic,loglikelihood
EGARCH_t,-27077.81188771163,-27046.31297185188,13543.905943855814
GJR_t,-27030.82104884211,-26999.32213298236,13520.410524421055
GARCH_t,-26864.84196634533,-26839.642833657534,13436.420983172666
EGARCH,-26827.879619305644,-26802.680486617846,13417.939809652822
GJR,-26777.507578306482,-26752.308445618684,13392.753789153241
GARCH,-26606.74318902271,-26587.84383950686,13306.371594511354
