variant,aic,bic,loglikelihood
EGARCH_t,-27177.182211047482,-27145.665925443216,13593.591105523741
GJR_t,-27130.317203754847,-27098.80091815058,13570.158601877423
GARCH_t,-26945.546293285857,-26920.333264802444,13476.773146642929
EGARCH,-26923.310954854773,-26898.09792637136,13465.655477427386
GJR,-26873.00521512244,-26847.792186639028,13440.50260756122
GARCH,-26710.554661135342,-26691.644889772782,13358.277330567671
