forecast,corr,rmse
static,0.1652665562397649,10.358357189920095
rolling,0.9054601218110455,3.4011033474403827
