forecast,corr,rmse
static,0.1696075466556148,8.26739845520847
rolling,0.9192517521768733,3.2394440318801716
