forecast,corr,rmse
static,,
rolling,0.7286043558947276,5.501614861545598
