forecast,corr,rmse
static,0.16103469157144337,8.261498674449621
rolling,0.9196191705787856,3.2105413843271884
