forecast,corr,rmse
static,-0.03340111544195193,10.694665294795735
rolling,0.8106811349801325,6.058603295260841
