window,corr,rmse
3,0.7312381294233576,11.66225551732792
10,0.7918923707720791,9.104974983358371
21,0.7173946506593504,8.514593737825024
63,0.48691756791519164,8.00172815416856
