parameter,value,model
const,0.0004460031756657895,arma
ar.L1,-0.10655306533346141,arma
ar.L2,0.06307792668643089,arma
sigma2,0.0001176869733805965,arma
omega,2.353736935624893e-06,garch
alpha[1],0.1,garch
beta[1],0.88,garch
