parameter,value,model
const,0.0004460031756657895,arma
ar.L1,-0.10655306533346141,arma
ar.L2,0.06307792668643089,arma
sigma2,0.0001176869733805965,arma
omega,-0.33573304401584997,garch
alpha[1],0.17882787736738864,garch
gamma[1],-0.19179684203208414,garch
beta[1],0.9639757935105059,garch
nu,5.91969542120558,garch
