parameter,value,model
const,0.00044712940201539406,arma
ar.L1,-0.10671880533889319,arma
ar.L2,0.06232166242764427,arma
sigma2,0.00011747704633683365,arma
omega,2.349538682185298e-06,garch
alpha[1],0.1,garch
beta[1],0.88,garch
