window,corr,rmse
3,0.7194225578256361,10.054968527212095
10,0.8296166584993971,7.069198476807416
21,0.8198082277044203,6.488882792455218
63,0.7245778934299775,6.463017883342168
