window,corr,rmse
3,0.7191353864642464,10.050133443132394
10,0.8296359807191662,7.0706570431499935
21,0.8198432501825367,6.489122739079089
63,0.7246374349020773,6.456428093075559
