window,corr,rmse
3,0.7191029085439229,10.050423503214402
10,0.8296310167444714,7.070627040435483
21,0.8198437729686906,6.489055214517731
63,0.7246383022474655,6.456390634223578
