regime,avg_log_return,avg_cond_vol,avg_realized_vol,avg_vix,min_drawdown,obs
high,0.0005852174550397825,0.014276210579903807,23.482276137628254,24.403120886973845,-0.3392496000265327,1365
low,0.00010885166087222,0.006391814145069906,7.4633342963863685,14.002467924154029,-0.15113543183566103,1325
mid,0.0006442609298465749,0.008411043990898447,11.995869203206123,16.650264358952686,-0.18090046628672185,1324
