regime,avg_log_return,avg_cond_vol,avg_realized_vol,avg_vix,min_drawdown,obs
high,0.0005796656702688434,0.014258672181434628,23.451249153078475,24.3768248258716,-0.3392496000265327,1370
low,7.256008263426171e-05,0.0063852790568059955,7.461976334177324,14.019345370336437,-0.15113543183566103,1329
mid,0.0006894170254310212,0.008397193808754456,11.964484860761095,16.630474048956074,-0.18090046628672185,1329
