regime,avg_log_return,avg_cond_vol,avg_realized_vol,avg_vix,min_drawdown,obs
high,0.0005796656702688434,0.014258647369479575,23.451249153078475,24.3768248258716,-0.3392496000265327,1370
low,7.256008263426171e-05,0.006385236918948481,7.461976334177324,14.019345370336437,-0.15113543183566103,1329
mid,0.000687486555496448,0.00839720573106278,11.964279528665122,16.630647111782192,-0.18090046628672185,1329
