forecast,corr,rmse
static,-0.22360827675995498,11.434571202859933
rolling,0.9302063042695818,4.0673095740451375
