signal,avg_segment_len
cheap,4.614942528735632
expensive,5.904411764705882
neutral,7.843648208469055
