signal,avg_segment_len
cheap,4.605714285714286
expensive,5.883211678832117
neutral,7.818770226537217
