regime,hedge_signal,share
high,neutral,0.5311355311355311
high,cheap,0.45054945054945056
high,expensive,0.018315018315018316
low,neutral,0.5147169811320754
low,expensive,0.4784905660377359
low,cheap,0.006792452830188679
mid,neutral,0.7560422960725075
mid,cheap,0.1351963746223565
mid,expensive,0.10876132930513595
