hedge_signal,proportion
neutral,0.5998013902681232
cheap,0.20009930486593844
expensive,0.20009930486593844
