hedge_signal,proportion
neutral,0.5999003487792726
cheap,0.20004982561036372
expensive,0.20004982561036372
