hedge_signal,proportion
neutral,0.5967078189300411
cheap,0.20164609053497942
expensive,0.20164609053497942
