window,corr,rmse
3,0.7330324157490229,11.652751641162089
10,0.7917792896220238,9.112144036982334
21,0.716919244281412,8.522489783350252
63,0.48531141984584963,8.008770929010122
