horizon_years,n_paths,mean_daily,std_daily,low_thresh,high_thresh
1,500,0.0004479255090228472,0.010940487361621449,9.40713405403686,15.239423938856083
3,500,0.0004479255090228472,0.010940487361621449,9.40713405403686,15.239423938856083
5,500,0.0004479255090228472,0.010940487361621449,9.40713405403686,15.239423938856083
